Order ID,Item ID,Qty,Order Date,ORDER DATE ,PLACE
32 90 001,121 021,7,12/31/2010,31-Dec-10,Pune
32 90 001,121 003,49,12/31/2010,31-Dec-10,Pune
32 90 001,121 023,1,12/31/2010,31-Dec-10,Pune
32 90 001,121 018,9,12/31/2010,31-Dec-10,Pune
32 90 001,121 015,29,12/31/2010,31-Dec-10,Pune
32 90 001,121 014,44,12/31/2010,31-Dec-10,Pune
32 90 001,121 001,15,12/31/2010,31-Dec-10,Pune
32 90 001,121 010,25,12/31/2010,31-Dec-10,Pune
32 90 001,121 010,28,12/31/2010,31-Dec-10,Pune
32 90 001,121 024,20,12/31/2010,31-Dec-10,Pune
32 90 001,121 002,9,12/31/2010,31-Dec-10,Pune
32 90 002,121 007,15,1/6/2011,6-Jan-11,Nasik
32 90 002,121 002,44,1/6/2011,6-Jan-11,Nasik
32 90 002,121 014,19,1/6/2011,6-Jan-11,Nasik
32 90 002,121 020,33,1/6/2011,6-Jan-11,Nasik
32 90 002,121 019,10,1/6/2011,6-Jan-11,Nasik
32 90 002,121 025,33,1/6/2011,6-Jan-11,Nasik
32 90 002,121 007,10,1/6/2011,6-Jan-11,Nasik
32 90 002,121 020,31,1/6/2011,6-Jan-11,Nasik
32 90 002,121 002,4,1/6/2011,6-Jan-11,Nasik
32 90 002,121 007,32,1/6/2011,6-Jan-11,Nasik
32 90 002,121 013,24,1/6/2011,6-Jan-11,Nasik
32 90 002,121 007,13,1/6/2011,6-Jan-11,Nasik
32 90 002,121 019,17,1/6/2011,6-Jan-11,Nasik
32 90 002,121 012,18,1/6/2011,6-Jan-11,Nasik
32 90 002,121 002,17,1/6/2011,6-Jan-11,Nasik
32 90 003,121 008,18,1/14/2011,14-Jan-11,Ahmednagar
32 90 003,121 010,44,1/14/2011,14-Jan-11,Ahmednagar
32 90 003,121 011,14,1/14/2011,14-Jan-11,Ahmednagar
32 90 003,121 005,6,1/14/2011,14-Jan-11,Ahmednagar
32 90 003,121 012,6,1/14/2011,14-Jan-11,Ahmednagar
32 90 003,121 007,26,1/14/2011,14-Jan-11,Ahmednagar
32 90 003,121 004,4,1/14/2011,14-Jan-11,Ahmednagar
32 90 003,121 019,40,1/14/2011,14-Jan-11,Ahmednagar
32 90 003,121 014,44,1/14/2011,14-Jan-11,Ahmednagar
32 90 003,121 024,28,1/14/2011,14-Jan-11,Ahmednagar
32 90 003,121 018,22,1/14/2011,14-Jan-11,Ahmednagar
32 90 003,121 017,47,1/14/2011,14-Jan-11,Ahmednagar
32 90 003,121 006,1,1/14/2011,14-Jan-11,Ahmednagar
32 90 003,121 007,10,1/14/2011,14-Jan-11,Ahmednagar
32 90 004,121 002,44,2/18/2011,18-Feb-11,Nanded
32 90 004,121 005,13,2/18/2011,18-Feb-11,Nanded
32 90 004,121 009,9,2/18/2011,18-Feb-11,Nanded
32 90 004,121 007,26,2/18/2011,18-Feb-11,Nanded
32 90 004,121 009,10,2/18/2011,18-Feb-11,Nanded
32 90 004,121 002,27,2/18/2011,18-Feb-11,Nanded
32 90 004,121 021,4,2/18/2011,18-Feb-11,Nanded
32 90 004,121 007,22,2/18/2011,18-Feb-11,Nanded
32 90 004,121 021,9,2/18/2011,18-Feb-11,Nanded
32 90 005,121 022,22,2/19/2011,19-Feb-11,Kolhapur
32 90 005,121 023,8,2/19/2011,19-Feb-11,Kolhapur
32 90 005,121 016,29,2/19/2011,19-Feb-11,Kolhapur
32 90 005,121 015,7,2/19/2011,19-Feb-11,Kolhapur
32 90 005,121 004,15,2/19/2011,19-Feb-11,Kolhapur
32 90 005,121 007,25,2/19/2011,19-Feb-11,Kolhapur
32 90 005,121 017,39,2/19/2011,19-Feb-11,Kolhapur
32 90 005,121 001,30,2/19/2011,19-Feb-11,Kolhapur
32 90 005,121 021,26,2/19/2011,19-Feb-11,Kolhapur
32 90 005,121 015,45,2/19/2011,19-Feb-11,Kolhapur
32 90 006,121 018,21,3/1/2011,1-Mar-11,Buldhana
32 90 006,121 013,46,3/1/2011,1-Mar-11,Buldhana
32 90 006,121 017,48,3/1/2011,1-Mar-11,Buldhana
32 90 006,121 001,45,3/1/2011,1-Mar-11,Buldhana
32 90 006,121 014,38,3/1/2011,1-Mar-11,Buldhana
32 90 006,121 023,2,3/1/2011,1-Mar-11,Buldhana
32 90 006,121 011,49,3/1/2011,1-Mar-11,Buldhana
32 90 006,121 018,7,3/1/2011,1-Mar-11,Buldhana
32 90 006,121 008,46,3/1/2011,1-Mar-11,Buldhana
32 90 006,121 012,18,3/1/2011,1-Mar-11,Buldhana
32 90 006,121 012,39,3/1/2011,1-Mar-11,Buldhana
32 90 006,121 015,45,3/1/2011,1-Mar-11,Buldhana
32 90 006,121 016,36,3/1/2011,1-Mar-11,Buldhana
32 90 006,121 011,10,3/1/2011,1-Mar-11,Buldhana
32 90 007,121 021,17,3/4/2011,4-Mar-11,Nasik
32 90 007,121 012,28,3/4/2011,4-Mar-11,Nasik
32 90 007,121 014,42,3/4/2011,4-Mar-11,Nasik
32 90 007,121 013,37,3/4/2011,4-Mar-11,Nasik
32 90 007,121 010,31,3/4/2011,4-Mar-11,Nasik
32 90 007,121 013,27,3/4/2011,4-Mar-11,Nasik
32 90 007,121 016,11,3/4/2011,4-Mar-11,Nasik
32 90 007,121 022,24,3/4/2011,4-Mar-11,Nasik
32 90 007,121 019,25,3/4/2011,4-Mar-11,Nasik
32 90 007,121 024,5,3/4/2011,4-Mar-11,Nasik
32 90 007,121 006,19,3/4/2011,4-Mar-11,Nasik
32 90 007,121 010,7,3/4/2011,4-Mar-11,Nasik
32 90 007,121 020,43,3/4/2011,4-Mar-11,Nasik
32 90 007,121 009,34,3/4/2011,4-Mar-11,Nasik
32 90 007,121 018,12,3/4/2011,4-Mar-11,Nasik
32 90 008,121 007,1,3/15/2011,15-Mar-11,Pune
32 90 008,121 025,25,3/15/2011,15-Mar-11,Pune
32 90 008,121 001,26,3/15/2011,15-Mar-11,Pune
32 90 008,121 013,14,3/15/2011,15-Mar-11,Pune
32 90 008,121 010,39,3/15/2011,15-Mar-11,Pune
32 90 008,121 022,19,3/15/2011,15-Mar-11,Pune
32 90 008,121 019,45,3/15/2011,15-Mar-11,Pune
32 90 008,121 019,39,3/15/2011,15-Mar-11,Pune
32 90 008,121 007,33,3/15/2011,15-Mar-11,Pune
32 90 008,121 008,46,3/15/2011,15-Mar-11,Pune
32 90 008,121 020,28,3/15/2011,15-Mar-11,Pune
32 90 008,121 018,46,3/15/2011,15-Mar-11,Pune
32 90 008,121 012,20,3/15/2011,15-Mar-11,Pune
32 90 008,121 013,46,3/15/2011,15-Mar-11,Pune
32 90 008,121 021,38,3/15/2011,15-Mar-11,Pune
32 90 008,121 008,29,3/15/2011,15-Mar-11,Pune
32 90 009,121 024,8,3/19/2011,19-Mar-11,Mumbai
32 90 009,121 023,10,3/19/2011,19-Mar-11,Mumbai
32 90 009,121 018,29,3/19/2011,19-Mar-11,Mumbai
32 90 009,121 017,34,3/19/2011,19-Mar-11,Mumbai
32 90 009,121 006,35,3/19/2011,19-Mar-11,Mumbai
32 90 009,121 024,14,3/19/2011,19-Mar-11,Mumbai
32 90 009,121 007,2,3/19/2011,19-Mar-11,Mumbai
32 90 009,121 020,42,3/19/2011,19-Mar-11,Mumbai
32 90 009,121 023,41,3/19/2011,19-Mar-11,Mumbai
32 90 010,121 015,1,3/29/2011,29-Mar-11,Thane
32 90 010,121 013,24,3/29/2011,29-Mar-11,Thane
32 90 010,121 021,3,3/29/2011,29-Mar-11,Thane
32 90 010,121 009,4,3/29/2011,29-Mar-11,Thane
32 90 010,121 024,11,3/29/2011,29-Mar-11,Thane
32 90 010,121 023,14,3/29/2011,29-Mar-11,Thane
32 90 010,121 022,16,3/29/2011,29-Mar-11,Thane
32 90 010,121 015,20,3/29/2011,29-Mar-11,Thane
32 90 010,121 001,44,3/29/2011,29-Mar-11,Thane
32 90 011,121 019,11,4/12/2011,12-Apr-11,Ratnagiri
32 90 011,121 017,7,4/12/2011,12-Apr-11,Ratnagiri
32 90 011,121 002,4,4/12/2011,12-Apr-11,Ratnagiri
32 90 011,121 024,11,4/12/2011,12-Apr-11,Ratnagiri
32 90 011,121 010,1,4/12/2011,12-Apr-11,Ratnagiri
32 90 011,121 016,8,4/12/2011,12-Apr-11,Ratnagiri
32 90 011,121 008,35,4/12/2011,12-Apr-11,Ratnagiri
32 90 011,121 005,19,4/12/2011,12-Apr-11,Ratnagiri
32 90 011,121 020,47,4/12/2011,12-Apr-11,Ratnagiri
32 90 011,121 003,31,4/12/2011,12-Apr-11,Ratnagiri
32 90 011,121 004,6,4/12/2011,12-Apr-11,Ratnagiri
32 90 012,121 015,9,4/14/2011,14-Apr-11,Raigad
32 90 012,121 023,38,4/14/2011,14-Apr-11,Raigad
32 90 012,121 001,35,4/14/2011,14-Apr-11,Raigad
32 90 012,121 017,25,4/14/2011,14-Apr-11,Raigad
32 90 012,121 002,6,4/14/2011,14-Apr-11,Raigad
32 90 012,121 011,50,4/14/2011,14-Apr-11,Raigad
32 90 012,121 022,20,4/14/2011,14-Apr-11,Raigad
32 90 012,121 023,23,4/14/2011,14-Apr-11,Raigad
32 90 012,121 013,11,4/14/2011,14-Apr-11,Raigad
32 90 013,121 004,47,5/18/2011,18-May-11,Sindhudurga
32 90 013,121 003,1,5/18/2011,18-May-11,Sindhudurga
32 90 013,121 007,21,5/18/2011,18-May-11,Sindhudurga
32 90 013,121 018,23,5/18/2011,18-May-11,Sindhudurga
32 90 013,121 017,42,5/18/2011,18-May-11,Sindhudurga
32 90 013,121 003,16,5/18/2011,18-May-11,Sindhudurga
32 90 013,121 014,29,5/18/2011,18-May-11,Sindhudurga
32 90 013,121 015,18,5/18/2011,18-May-11,Sindhudurga
32 90 013,121 011,40,5/18/2011,18-May-11,Sindhudurga
32 90 013,121 020,7,5/18/2011,18-May-11,Sindhudurga
32 90 013,121 013,45,5/18/2011,18-May-11,Sindhudurga
32 90 013,121 014,22,5/18/2011,18-May-11,Sindhudurga
32 90 013,121 004,31,5/18/2011,18-May-11,Sindhudurga
32 90 013,121 008,27,5/18/2011,18-May-11,Sindhudurga
32 90 014,121 021,33,5/23/2011,23-May-11,Goa
32 90 014,121 021,12,5/23/2011,23-May-11,Goa
32 90 014,121 019,39,5/23/2011,23-May-11,Goa
32 90 014,121 015,42,5/23/2011,23-May-11,Goa
32 90 014,121 024,21,5/23/2011,23-May-11,Goa
32 90 014,121 001,9,5/23/2011,23-May-11,Goa
32 90 014,121 006,21,5/23/2011,23-May-11,Goa
32 90 014,121 002,19,5/23/2011,23-May-11,Goa
32 90 014,121 009,41,5/23/2011,23-May-11,Goa
32 90 015,121 019,28,6/11/2011,11-Jun-11,Solapur
32 90 015,121 013,1,6/11/2011,11-Jun-11,Solapur
32 90 015,121 016,41,6/11/2011,11-Jun-11,Solapur
32 90 015,121 022,21,6/11/2011,11-Jun-11,Solapur
32 90 015,121 018,6,6/11/2011,11-Jun-11,Solapur
32 90 015,121 002,39,6/11/2011,11-Jun-11,Solapur
32 90 015,121 019,39,6/11/2011,11-Jun-11,Solapur
32 90 015,121 009,20,6/11/2011,11-Jun-11,Solapur
32 90 015,121 007,48,6/11/2011,11-Jun-11,Solapur
32 90 016,121 009,43,6/13/2011,13-Jun-11,Sangli
32 90 016,121 020,27,6/13/2011,13-Jun-11,Sangli
32 90 016,121 015,8,6/13/2011,13-Jun-11,Sangli
32 90 016,121 019,34,6/13/2011,13-Jun-11,Sangli
32 90 016,121 007,27,6/13/2011,13-Jun-11,Sangli
32 90 016,121 013,29,6/13/2011,13-Jun-11,Sangli
32 90 016,121 006,10,6/13/2011,13-Jun-11,Sangli
32 90 016,121 018,39,6/13/2011,13-Jun-11,Sangli
32 90 016,121 012,6,6/13/2011,13-Jun-11,Sangli
32 90 017,121 010,4,7/13/2011,13-Jul-11,Satara
32 90 017,121 004,1,7/13/2011,13-Jul-11,Satara
32 90 017,121 005,10,7/13/2011,13-Jul-11,Satara
32 90 017,121 002,35,7/13/2011,13-Jul-11,Satara
32 90 017,121 023,2,7/13/2011,13-Jul-11,Satara
32 90 017,121 008,20,7/13/2011,13-Jul-11,Satara
32 90 017,121 021,35,7/13/2011,13-Jul-11,Satara
32 90 017,121 004,16,7/13/2011,13-Jul-11,Satara
32 90 017,121 016,21,7/13/2011,13-Jul-11,Satara
32 90 018,121 020,42,8/14/2011,14-Aug-11,Aurangabad
32 90 018,121 008,31,8/14/2011,14-Aug-11,Aurangabad
32 90 018,121 013,7,8/14/2011,14-Aug-11,Aurangabad
32 90 018,121 016,19,8/14/2011,14-Aug-11,Aurangabad
32 90 018,121 017,17,8/14/2011,14-Aug-11,Aurangabad
32 90 018,121 014,50,8/14/2011,14-Aug-11,Aurangabad
32 90 018,121 020,43,8/14/2011,14-Aug-11,Aurangabad
32 90 018,121 006,30,8/14/2011,14-Aug-11,Aurangabad
32 90 018,121 016,16,8/14/2011,14-Aug-11,Aurangabad
32 90 018,121 006,44,8/14/2011,14-Aug-11,Aurangabad
32 90 018,121 018,42,8/14/2011,14-Aug-11,Aurangabad
32 90 018,121 002,26,8/14/2011,14-Aug-11,Aurangabad
32 90 018,121 019,39,8/14/2011,14-Aug-11,Aurangabad
32 90 018,121 010,16,8/14/2011,14-Aug-11,Aurangabad
32 90 018,121 006,34,8/14/2011,14-Aug-11,Aurangabad
32 90 019,121 008,9,8/19/2011,19-Aug-11,Nagpur
32 90 019,121 021,7,8/19/2011,19-Aug-11,Nagpur
32 90 019,121 005,28,8/19/2011,19-Aug-11,Nagpur
32 90 019,121 023,38,8/19/2011,19-Aug-11,Nagpur
32 90 019,121 006,17,8/19/2011,19-Aug-11,Nagpur
32 90 019,121 012,42,8/19/2011,19-Aug-11,Nagpur
32 90 019,121 016,32,8/19/2011,19-Aug-11,Nagpur
32 90 019,121 025,39,8/19/2011,19-Aug-11,Nagpur
32 90 019,121 017,30,8/19/2011,19-Aug-11,Nagpur
32 90 019,121 015,11,8/19/2011,19-Aug-11,Nagpur
32 90 019,121 023,26,8/19/2011,19-Aug-11,Nagpur
32 90 019,121 015,3,8/19/2011,19-Aug-11,Nagpur
32 90 019,121 014,19,8/19/2011,19-Aug-11,Nagpur
32 90 019,121 021,19,8/19/2011,19-Aug-11,Nagpur
32 90 019,121 007,8,8/19/2011,19-Aug-11,Nagpur
32 90 019,121 018,4,8/19/2011,19-Aug-11,Nagpur
32 90 019,121 009,1,8/19/2011,19-Aug-11,Nagpur
32 90 020,121 015,6,8/19/2011,19-Aug-11,Nadurbar
32 90 020,121 012,37,8/19/2011,19-Aug-11,Nadurbar
32 90 020,121 005,45,8/19/2011,19-Aug-11,Nadurbar
32 90 020,121 014,32,8/19/2011,19-Aug-11,Nadurbar
32 90 020,121 006,2,8/19/2011,19-Aug-11,Nadurbar
32 90 020,121 008,15,8/19/2011,19-Aug-11,Nadurbar
32 90 020,121 019,28,8/19/2011,19-Aug-11,Nadurbar
32 90 020,121 024,46,8/19/2011,19-Aug-11,Nadurbar
32 90 020,121 022,39,8/19/2011,19-Aug-11,Nadurbar
32 90 020,121 023,37,8/19/2011,19-Aug-11,Nadurbar
32 90 021,121 025,14,9/23/2011,23-Sep-11,Dhule
32 90 021,121 013,47,9/23/2011,23-Sep-11,Dhule
32 90 021,121 025,27,9/23/2011,23-Sep-11,Dhule
32 90 021,121 007,19,9/23/2011,23-Sep-11,Dhule
32 90 021,121 022,9,9/23/2011,23-Sep-11,Dhule
32 90 021,121 018,29,9/23/2011,23-Sep-11,Dhule
32 90 021,121 013,45,9/23/2011,23-Sep-11,Dhule
32 90 021,121 012,15,9/23/2011,23-Sep-11,Dhule
32 90 021,121 016,46,9/23/2011,23-Sep-11,Dhule
32 90 022,121 010,44,9/28/2011,28-Sep-11,Ratnagiri
32 90 022,121 007,41,9/28/2011,28-Sep-11,Ratnagiri
32 90 022,121 014,12,9/28/2011,28-Sep-11,Ratnagiri
32 90 022,121 014,48,9/28/2011,28-Sep-11,Ratnagiri
32 90 022,121 022,49,9/28/2011,28-Sep-11,Ratnagiri
32 90 022,121 012,45,9/28/2011,28-Sep-11,Ratnagiri
32 90 022,121 017,48,9/28/2011,28-Sep-11,Ratnagiri
32 90 022,121 012,7,9/28/2011,28-Sep-11,Ratnagiri
32 90 022,121 001,20,9/28/2011,28-Sep-11,Ratnagiri
32 90 022,121 009,19,9/28/2011,28-Sep-11,Ratnagiri
32 90 022,121 002,28,9/28/2011,28-Sep-11,Ratnagiri
32 90 022,121 012,12,9/28/2011,28-Sep-11,Ratnagiri
32 90 022,121 012,17,9/28/2011,28-Sep-11,Ratnagiri
32 90 023,121 020,17,10/12/2011,12-Oct-11,Raigad
32 90 023,121 001,31,10/12/2011,12-Oct-11,Raigad
32 90 023,121 020,43,10/12/2011,12-Oct-11,Raigad
32 90 023,121 022,15,10/12/2011,12-Oct-11,Raigad
32 90 023,121 013,18,10/12/2011,12-Oct-11,Raigad
32 90 024,121 009,6,11/1/2011,1-Nov-11,Sindhudurga
32 90 024,121 010,30,11/1/2011,1-Nov-11,Sindhudurga
32 90 024,121 022,3,11/1/2011,1-Nov-11,Sindhudurga
32 90 024,121 012,17,11/1/2011,1-Nov-11,Sindhudurga
32 90 024,121 024,42,11/1/2011,1-Nov-11,Sindhudurga
32 90 024,121 006,6,11/1/2011,1-Nov-11,Sindhudurga
32 90 024,121 016,39,11/1/2011,1-Nov-11,Sindhudurga
32 90 024,121 008,36,11/1/2011,1-Nov-11,Sindhudurga
32 90 024,121 019,36,11/1/2011,1-Nov-11,Sindhudurga
32 90 024,121 002,30,11/1/2011,1-Nov-11,Sindhudurga
32 90 025,121 015,10,11/13/2011,13-Nov-11,Nanded
32 90 025,121 011,39,11/13/2011,13-Nov-11,Nanded
32 90 025,121 015,10,11/13/2011,13-Nov-11,Nanded
32 90 025,121 018,38,11/13/2011,13-Nov-11,Nanded
32 90 025,121 004,45,11/13/2011,13-Nov-11,Nanded
32 90 025,121 012,41,11/13/2011,13-Nov-11,Nanded
32 90 025,121 025,1,11/13/2011,13-Nov-11,Nanded
32 90 025,121 001,46,11/13/2011,13-Nov-11,Nanded
32 90 025,121 003,45,11/13/2011,13-Nov-11,Nanded
32 90 025,121 010,29,11/13/2011,13-Nov-11,Nanded
32 90 025,121 014,11,11/13/2011,13-Nov-11,Nanded
32 90 025,121 024,39,11/13/2011,13-Nov-11,Nanded
32 90 025,121 022,39,11/13/2011,13-Nov-11,Nanded
32 90 025,121 005,19,11/13/2011,13-Nov-11,Nanded
32 90 025,121 018,23,11/13/2011,13-Nov-11,Nanded
32 90 025,121 007,43,11/13/2011,13-Nov-11,Nanded
32 90 025,121 002,3,11/13/2011,13-Nov-11,Nanded
32 90 025,121 004,17,11/13/2011,13-Nov-11,Nanded
32 90 025,121 011,25,11/13/2011,13-Nov-11,Nanded
32 90 025,121 025,46,11/13/2011,13-Nov-11,Nanded
32 90 026,121 022,47,11/20/2011,20-Nov-11,Dhule
32 90 026,121 018,14,11/20/2011,20-Nov-11,Dhule
32 90 026,121 023,43,11/20/2011,20-Nov-11,Dhule
32 90 026,121 020,4,11/20/2011,20-Nov-11,Dhule
32 90 026,121 024,44,11/20/2011,20-Nov-11,Dhule
32 90 026,121 013,37,11/20/2011,20-Nov-11,Dhule
32 90 026,121 008,23,11/20/2011,20-Nov-11,Dhule
32 90 026,121 005,17,11/20/2011,20-Nov-11,Dhule
32 90 026,121 020,5,11/20/2011,20-Nov-11,Dhule
32 90 026,121 001,3,11/20/2011,20-Nov-11,Dhule
32 90 026,121 018,28,11/20/2011,20-Nov-11,Dhule
32 90 026,121 024,18,11/20/2011,20-Nov-11,Dhule
32 90 026,121 022,20,11/20/2011,20-Nov-11,Dhule
32 90 027,121 008,48,12/11/2011,11-Dec-11,Pune
32 90 027,121 014,28,12/11/2011,11-Dec-11,Pune
32 90 027,121 024,24,12/11/2011,11-Dec-11,Pune
32 90 027,121 004,43,12/11/2011,11-Dec-11,Pune
32 90 027,121 015,15,12/11/2011,11-Dec-11,Pune
32 90 027,121 001,18,12/11/2011,11-Dec-11,Pune
32 90 027,121 011,40,12/11/2011,11-Dec-11,Pune
32 90 027,121 003,6,12/11/2011,11-Dec-11,Pune
32 90 028,121 016,15,12/14/2011,14-Dec-11,Mumbai
32 90 028,121 023,10,12/14/2011,14-Dec-11,Mumbai
32 90 028,121 009,25,12/14/2011,14-Dec-11,Mumbai
32 90 028,121 012,32,12/14/2011,14-Dec-11,Mumbai
32 90 029,121 012,5,12/30/2011,30-Dec-11,Aurangabad
32 90 029,121 018,16,12/30/2011,30-Dec-11,Aurangabad
32 90 029,121 009,2,12/30/2011,30-Dec-11,Aurangabad
32 90 029,121 012,35,12/30/2011,30-Dec-11,Aurangabad
32 90 029,121 017,4,12/30/2011,30-Dec-11,Aurangabad
32 90 029,121 023,21,12/30/2011,30-Dec-11,Aurangabad
32 90 029,121 010,37,12/30/2011,30-Dec-11,Aurangabad
32 90 029,121 025,9,12/30/2011,30-Dec-11,Aurangabad
32 90 029,121 004,44,12/30/2011,30-Dec-11,Aurangabad
32 90 029,121 020,13,12/30/2011,30-Dec-11,Aurangabad
32 90 029,121 017,45,12/30/2011,30-Dec-11,Aurangabad
32 90 030,121 009,44,1/1/2012,1-Jan-12,Ahmednagar
32 90 030,121 004,10,1/1/2012,1-Jan-12,Ahmednagar
32 90 030,121 010,49,1/1/2012,1-Jan-12,Ahmednagar
32 90 030,121 019,39,1/1/2012,1-Jan-12,Ahmednagar
32 90 030,121 009,35,1/1/2012,1-Jan-12,Ahmednagar
32 90 030,121 020,15,1/1/2012,1-Jan-12,Ahmednagar
32 90 030,121 008,13,1/1/2012,1-Jan-12,Ahmednagar
32 90 030,121 009,17,1/1/2012,1-Jan-12,Ahmednagar
32 90 030,121 013,49,1/1/2012,1-Jan-12,Ahmednagar
32 90 030,121 008,39,1/1/2012,1-Jan-12,Ahmednagar
32 90 030,121 016,4,1/1/2012,1-Jan-12,Ahmednagar
32 90 030,121 012,23,1/1/2012,1-Jan-12,Ahmednagar
32 90 030,121 023,43,1/1/2012,1-Jan-12,Ahmednagar
32 90 030,121 017,11,1/1/2012,1-Jan-12,Ahmednagar
32 90 031,121 013,25,1/23/2012,23-Jan-12,Ratnagiri
32 90 031,121 003,16,1/23/2012,23-Jan-12,Ratnagiri
32 90 031,121 001,19,1/23/2012,23-Jan-12,Ratnagiri
32 90 031,121 015,2,1/23/2012,23-Jan-12,Ratnagiri
32 90 031,121 019,18,1/23/2012,23-Jan-12,Ratnagiri
32 90 031,121 004,40,1/23/2012,23-Jan-12,Ratnagiri
32 90 031,121 009,33,1/23/2012,23-Jan-12,Ratnagiri
32 90 031,121 013,27,1/23/2012,23-Jan-12,Ratnagiri
32 90 031,121 020,18,1/23/2012,23-Jan-12,Ratnagiri
32 90 031,121 024,29,1/23/2012,23-Jan-12,Ratnagiri
32 90 031,121 017,13,1/23/2012,23-Jan-12,Ratnagiri
32 90 031,121 023,44,1/23/2012,23-Jan-12,Ratnagiri
32 90 031,121 016,18,1/23/2012,23-Jan-12,Ratnagiri
32 90 031,121 003,43,1/23/2012,23-Jan-12,Ratnagiri
32 90 031,121 016,45,1/23/2012,23-Jan-12,Ratnagiri
32 90 031,121 016,15,1/23/2012,23-Jan-12,Ratnagiri
32 90 031,121 021,21,1/23/2012,23-Jan-12,Ratnagiri
32 90 032,121 013,24,1/24/2012,24-Jan-12,Thane
32 90 032,121 016,37,1/24/2012,24-Jan-12,Thane
32 90 032,121 019,37,1/24/2012,24-Jan-12,Thane
32 90 032,121 025,30,1/24/2012,24-Jan-12,Thane
32 90 032,121 019,6,1/24/2012,24-Jan-12,Thane
32 90 032,121 016,45,1/24/2012,24-Jan-12,Thane
32 90 032,121 021,20,1/24/2012,24-Jan-12,Thane
32 90 032,121 023,48,1/24/2012,24-Jan-12,Thane
32 90 032,121 002,22,1/24/2012,24-Jan-12,Thane
32 90 032,121 003,22,1/24/2012,24-Jan-12,Thane
32 90 032,121 018,23,1/24/2012,24-Jan-12,Thane
32 90 032,121 011,5,1/24/2012,24-Jan-12,Thane
32 90 032,121 018,19,1/24/2012,24-Jan-12,Thane
32 90 032,121 011,39,1/24/2012,24-Jan-12,Thane
32 90 033,121 023,17,3/13/2012,13-Mar-12,Thane
32 90 033,121 024,22,3/13/2012,13-Mar-12,Thane
32 90 033,121 012,24,3/13/2012,13-Mar-12,Thane
32 90 033,121 022,48,3/13/2012,13-Mar-12,Thane
32 90 033,121 007,14,3/13/2012,13-Mar-12,Thane
32 90 033,121 015,7,3/13/2012,13-Mar-12,Thane
32 90 033,121 013,49,3/13/2012,13-Mar-12,Thane
32 90 033,121 019,11,3/13/2012,13-Mar-12,Thane
32 90 033,121 010,28,3/13/2012,13-Mar-12,Thane
32 90 033,121 015,26,3/13/2012,13-Mar-12,Thane
32 90 033,121 014,5,3/13/2012,13-Mar-12,Thane
32 90 033,121 023,37,3/13/2012,13-Mar-12,Thane
32 90 033,121 009,48,3/13/2012,13-Mar-12,Thane
32 90 033,121 003,29,3/13/2012,13-Mar-12,Thane
32 90 033,121 001,14,3/13/2012,13-Mar-12,Thane
32 90 033,121 005,37,3/13/2012,13-Mar-12,Thane
32 90 034,121 005,11,3/18/2012,18-Mar-12,Ratnagiri
32 90 034,121 003,4,3/18/2012,18-Mar-12,Ratnagiri
32 90 034,121 003,16,3/18/2012,18-Mar-12,Ratnagiri
32 90 034,121 016,3,3/18/2012,18-Mar-12,Ratnagiri
32 90 034,121 023,4,3/18/2012,18-Mar-12,Ratnagiri
32 90 034,121 020,17,3/18/2012,18-Mar-12,Ratnagiri
32 90 034,121 010,16,3/18/2012,18-Mar-12,Ratnagiri
32 90 034,121 012,18,3/18/2012,18-Mar-12,Ratnagiri
32 90 034,121 019,49,3/18/2012,18-Mar-12,Ratnagiri
32 90 034,121 023,23,3/18/2012,18-Mar-12,Ratnagiri
32 90 034,121 016,48,3/18/2012,18-Mar-12,Ratnagiri
32 90 035,121 019,45,3/30/2012,30-Mar-12,Raigad
32 90 035,121 009,46,3/30/2012,30-Mar-12,Raigad
32 90 035,121 020,47,3/30/2012,30-Mar-12,Raigad
32 90 035,121 003,1,3/30/2012,30-Mar-12,Raigad
32 90 035,121 025,35,3/30/2012,30-Mar-12,Raigad
32 90 035,121 012,9,3/30/2012,30-Mar-12,Raigad
32 90 035,121 021,45,3/30/2012,30-Mar-12,Raigad
32 90 035,121 020,41,3/30/2012,30-Mar-12,Raigad
32 90 036,121 025,6,4/21/2012,21-Apr-12,Sindhudurga
32 90 036,121 012,20,4/21/2012,21-Apr-12,Sindhudurga
32 90 036,121 017,49,4/21/2012,21-Apr-12,Sindhudurga
32 90 036,121 021,33,4/21/2012,21-Apr-12,Sindhudurga
32 90 036,121 003,23,4/21/2012,21-Apr-12,Sindhudurga
32 90 036,121 010,43,4/21/2012,21-Apr-12,Sindhudurga
32 90 036,121 024,22,4/21/2012,21-Apr-12,Sindhudurga
32 90 036,121 008,25,4/21/2012,21-Apr-12,Sindhudurga
32 90 036,121 002,9,4/21/2012,21-Apr-12,Sindhudurga
32 90 036,121 013,7,4/21/2012,21-Apr-12,Sindhudurga
32 90 036,121 017,43,4/21/2012,21-Apr-12,Sindhudurga
32 90 036,121 005,26,4/21/2012,21-Apr-12,Sindhudurga
32 90 036,121 003,47,4/21/2012,21-Apr-12,Sindhudurga
32 90 036,121 018,16,4/21/2012,21-Apr-12,Sindhudurga
32 90 036,121 008,18,4/21/2012,21-Apr-12,Sindhudurga
32 90 037,121 022,29,4/22/2012,22-Apr-12,Goa
32 90 037,121 006,39,4/22/2012,22-Apr-12,Goa
32 90 037,121 024,41,4/22/2012,22-Apr-12,Goa
32 90 037,121 006,44,4/22/2012,22-Apr-12,Goa
32 90 037,121 022,24,4/22/2012,22-Apr-12,Goa
32 90 037,121 001,15,4/22/2012,22-Apr-12,Goa
32 90 037,121 013,35,4/22/2012,22-Apr-12,Goa
32 90 037,121 002,36,4/22/2012,22-Apr-12,Goa
32 90 037,121 007,39,4/22/2012,22-Apr-12,Goa
32 90 037,121 013,10,4/22/2012,22-Apr-12,Goa
32 90 037,121 019,42,4/22/2012,22-Apr-12,Goa
32 90 037,121 010,48,4/22/2012,22-Apr-12,Goa
32 90 037,121 001,21,4/22/2012,22-Apr-12,Goa
32 90 038,121 015,33,5/14/2012,14-May-12,Solapur
32 90 038,121 023,42,5/14/2012,14-May-12,Solapur
32 90 038,121 021,27,5/14/2012,14-May-12,Solapur
32 90 038,121 009,46,5/14/2012,14-May-12,Solapur
32 90 038,121 022,47,5/14/2012,14-May-12,Solapur
32 90 038,121 005,47,5/14/2012,14-May-12,Solapur
32 90 038,121 013,14,5/14/2012,14-May-12,Solapur
32 90 038,121 014,15,5/14/2012,14-May-12,Solapur
32 90 038,121 009,12,5/14/2012,14-May-12,Solapur
32 90 038,121 013,7,5/14/2012,14-May-12,Solapur
32 90 039,121 019,48,5/15/2012,15-May-12,Sangli
32 90 039,121 022,16,5/15/2012,15-May-12,Sangli
32 90 039,121 014,47,5/15/2012,15-May-12,Sangli
32 90 039,121 016,2,5/15/2012,15-May-12,Sangli
32 90 039,121 022,2,5/15/2012,15-May-12,Sangli
32 90 040,121 005,45,6/19/2012,19-Jun-12,Satara
32 90 040,121 007,25,6/19/2012,19-Jun-12,Satara
32 90 040,121 020,38,6/19/2012,19-Jun-12,Satara
32 90 040,121 002,24,6/19/2012,19-Jun-12,Satara
32 90 040,121 008,19,6/19/2012,19-Jun-12,Satara
32 90 040,121 015,5,6/19/2012,19-Jun-12,Satara
32 90 040,121 009,21,6/19/2012,19-Jun-12,Satara
32 90 040,121 008,17,6/19/2012,19-Jun-12,Satara
32 90 041,121 022,16,7/23/2012,23-Jul-12,Aurangabad
32 90 041,121 013,2,7/23/2012,23-Jul-12,Aurangabad
32 90 041,121 018,11,7/23/2012,23-Jul-12,Aurangabad
32 90 041,121 015,10,7/23/2012,23-Jul-12,Aurangabad
32 90 041,121 013,43,7/23/2012,23-Jul-12,Aurangabad
32 90 041,121 017,35,7/23/2012,23-Jul-12,Aurangabad
32 90 041,121 006,7,7/23/2012,23-Jul-12,Aurangabad
32 90 041,121 016,47,7/23/2012,23-Jul-12,Aurangabad
32 90 041,121 020,26,7/23/2012,23-Jul-12,Aurangabad
32 90 041,121 009,41,7/23/2012,23-Jul-12,Aurangabad
32 90 042,121 003,15,7/30/2012,30-Jul-12,Nagpur
32 90 042,121 020,3,7/30/2012,30-Jul-12,Nagpur
32 90 042,121 018,6,7/30/2012,30-Jul-12,Nagpur
32 90 042,121 007,6,7/30/2012,30-Jul-12,Nagpur
32 90 042,121 022,32,7/30/2012,30-Jul-12,Nagpur
32 90 042,121 016,4,7/30/2012,30-Jul-12,Nagpur
32 90 042,121 004,26,7/30/2012,30-Jul-12,Nagpur
32 90 042,121 011,19,7/30/2012,30-Jul-12,Nagpur
32 90 043,121 007,2,7/12/2012,12-Jul-12,Nadurbar
32 90 043,121 016,44,7/12/2012,12-Jul-12,Nadurbar
32 90 043,121 021,42,7/12/2012,12-Jul-12,Nadurbar
32 90 043,121 025,35,7/12/2012,12-Jul-12,Nadurbar
32 90 043,121 014,50,7/12/2012,12-Jul-12,Nadurbar
32 90 043,121 012,40,7/12/2012,12-Jul-12,Nadurbar
32 90 043,121 002,14,7/12/2012,12-Jul-12,Nadurbar
32 90 043,121 012,21,7/12/2012,12-Jul-12,Nadurbar
32 90 043,121 007,30,7/12/2012,12-Jul-12,Nadurbar
32 90 043,121 009,12,7/12/2012,12-Jul-12,Nadurbar
32 90 043,121 023,3,7/12/2012,12-Jul-12,Nadurbar
32 90 043,121 019,21,7/12/2012,12-Jul-12,Nadurbar
32 90 043,121 008,24,7/12/2012,12-Jul-12,Nadurbar
32 90 043,121 020,38,7/12/2012,12-Jul-12,Nadurbar
32 90 043,121 018,13,7/12/2012,12-Jul-12,Nadurbar
32 90 043,121 014,45,7/12/2012,12-Jul-12,Nadurbar
32 90 043,121 014,29,7/12/2012,12-Jul-12,Nadurbar
32 90 043,121 024,26,7/12/2012,12-Jul-12,Nadurbar
32 90 044,121 012,1,8/14/2012,14-Aug-12,Dhule
32 90 044,121 016,9,8/14/2012,14-Aug-12,Dhule
32 90 044,121 013,17,8/14/2012,14-Aug-12,Dhule
32 90 044,121 016,6,8/14/2012,14-Aug-12,Dhule
32 90 044,121 007,32,8/14/2012,14-Aug-12,Dhule
32 90 044,121 002,12,8/14/2012,14-Aug-12,Dhule
32 90 044,121 019,43,8/14/2012,14-Aug-12,Dhule
32 90 045,121 002,5,10/10/2012,10-Oct-12,Ratnagiri
32 90 045,121 025,15,10/10/2012,10-Oct-12,Ratnagiri
32 90 045,121 018,17,10/10/2012,10-Oct-12,Ratnagiri
32 90 045,121 025,30,10/10/2012,10-Oct-12,Ratnagiri
32 90 045,121 012,25,10/10/2012,10-Oct-12,Ratnagiri
32 90 045,121 011,14,10/10/2012,10-Oct-12,Ratnagiri
32 90 045,121 010,25,10/10/2012,10-Oct-12,Ratnagiri
32 90 045,121 011,10,10/10/2012,10-Oct-12,Ratnagiri
32 90 045,121 004,15,10/10/2012,10-Oct-12,Ratnagiri
32 90 045,121 006,45,10/10/2012,10-Oct-12,Ratnagiri
32 90 045,121 007,50,10/10/2012,10-Oct-12,Ratnagiri
32 90 045,121 001,36,10/10/2012,10-Oct-12,Ratnagiri
32 90 046,121 001,41,11/12/2012,12-Nov-12,Raigad
32 90 046,121 013,27,11/12/2012,12-Nov-12,Raigad
32 90 046,121 014,40,11/12/2012,12-Nov-12,Raigad
32 90 046,121 012,16,11/12/2012,12-Nov-12,Raigad
32 90 046,121 017,4,11/12/2012,12-Nov-12,Raigad
32 90 046,121 001,38,11/12/2012,12-Nov-12,Raigad
32 90 046,121 018,8,11/12/2012,12-Nov-12,Raigad
32 90 046,121 022,15,11/12/2012,12-Nov-12,Raigad
32 90 046,121 013,15,11/12/2012,12-Nov-12,Raigad
32 90 046,121 018,1,11/12/2012,12-Nov-12,Raigad
32 90 047,121 005,36,11/13/2012,13-Nov-12,Sindhudurga
32 90 047,121 009,6,11/13/2012,13-Nov-12,Sindhudurga
32 90 047,121 013,37,11/13/2012,13-Nov-12,Sindhudurga
32 90 047,121 011,46,11/13/2012,13-Nov-12,Sindhudurga
32 90 047,121 014,26,11/13/2012,13-Nov-12,Sindhudurga
32 90 047,121 001,37,11/13/2012,13-Nov-12,Sindhudurga
32 90 047,121 024,15,11/13/2012,13-Nov-12,Sindhudurga
32 90 047,121 025,2,11/13/2012,13-Nov-12,Sindhudurga
32 90 047,121 015,26,11/13/2012,13-Nov-12,Sindhudurga
32 90 047,121 006,34,11/13/2012,13-Nov-12,Sindhudurga
32 90 048,121 015,47,11/23/2012,23-Nov-12,Nasik
32 90 048,121 014,4,11/23/2012,23-Nov-12,Nasik
32 90 048,121 023,37,11/23/2012,23-Nov-12,Nasik
32 90 048,121 010,8,11/23/2012,23-Nov-12,Nasik
32 90 048,121 010,40,11/23/2012,23-Nov-12,Nasik
32 90 048,121 012,20,11/23/2012,23-Nov-12,Nasik
32 90 048,121 008,2,11/23/2012,23-Nov-12,Nasik
32 90 048,121 023,1,11/23/2012,23-Nov-12,Nasik
32 90 049,121 002,24,12/14/2012,14-Dec-12,Ahmednagar
32 90 049,121 011,28,12/14/2012,14-Dec-12,Ahmednagar
32 90 049,121 023,36,12/14/2012,14-Dec-12,Ahmednagar
32 90 049,121 022,4,12/14/2012,14-Dec-12,Ahmednagar
32 90 049,121 002,21,12/14/2012,14-Dec-12,Ahmednagar
32 90 049,121 023,45,12/14/2012,14-Dec-12,Ahmednagar
32 90 049,121 011,26,12/14/2012,14-Dec-12,Ahmednagar
32 90 049,121 011,32,12/14/2012,14-Dec-12,Ahmednagar
32 90 049,121 014,25,12/14/2012,14-Dec-12,Ahmednagar
32 90 049,121 011,41,12/14/2012,14-Dec-12,Ahmednagar
32 90 049,121 020,4,12/14/2012,14-Dec-12,Ahmednagar
32 90 049,121 005,32,12/14/2012,14-Dec-12,Ahmednagar
32 90 050,121 022,26,12/19/2012,19-Dec-12,Nanded
32 90 050,121 024,39,12/19/2012,19-Dec-12,Nanded
32 90 050,121 015,15,12/19/2012,19-Dec-12,Nanded
32 90 050,121 019,44,12/19/2012,19-Dec-12,Nanded
32 90 050,121 006,39,12/19/2012,19-Dec-12,Nanded
32 90 050,121 020,35,12/19/2012,19-Dec-12,Nanded
32 90 050,121 015,39,12/19/2012,19-Dec-12,Nanded
32 90 050,121 013,47,12/19/2012,19-Dec-12,Nanded
32 90 050,121 014,17,12/19/2012,19-Dec-12,Nanded
32 90 050,121 018,6,12/19/2012,19-Dec-12,Nanded
32 90 050,121 013,8,12/19/2012,19-Dec-12,Nanded
32 90 050,121 025,2,12/19/2012,19-Dec-12,Nanded
32 90 050,121 006,17,12/19/2012,19-Dec-12,Nanded
32 90 050,121 006,25,12/19/2012,19-Dec-12,Nanded
32 90 050,121 015,25,12/19/2012,19-Dec-12,Nanded
32 90 050,121 006,23,12/19/2012,19-Dec-12,Nanded
32 90 051,121 008,12,12/23/2012,23-Dec-12,Kolhapur
32 90 051,121 005,19,12/23/2012,23-Dec-12,Kolhapur
32 90 051,121 002,34,12/23/2012,23-Dec-12,Kolhapur
32 90 051,121 003,37,12/23/2012,23-Dec-12,Kolhapur
32 90 051,121 011,1,12/23/2012,23-Dec-12,Kolhapur
32 90 051,121 016,33,12/23/2012,23-Dec-12,Kolhapur
32 90 051,121 004,3,12/23/2012,23-Dec-12,Kolhapur
32 90 051,121 023,47,12/23/2012,23-Dec-12,Kolhapur
32 90 051,121 018,38,12/23/2012,23-Dec-12,Kolhapur
32 90 051,121 015,19,12/23/2012,23-Dec-12,Kolhapur
32 90 051,121 017,4,12/23/2012,23-Dec-12,Kolhapur
32 90 051,121 024,42,12/23/2012,23-Dec-12,Kolhapur
32 90 051,121 023,15,12/23/2012,23-Dec-12,Kolhapur
32 90 051,121 025,28,12/23/2012,23-Dec-12,Kolhapur
32 90 052,121 008,36,1/13/2013,13-Jan-13,Buldhana
32 90 052,121 013,23,1/13/2013,13-Jan-13,Buldhana
32 90 052,121 004,45,1/13/2013,13-Jan-13,Buldhana
32 90 052,121 008,50,1/13/2013,13-Jan-13,Buldhana
32 90 052,121 022,21,1/13/2013,13-Jan-13,Buldhana
32 90 052,121 020,11,1/13/2013,13-Jan-13,Buldhana
32 90 052,121 005,43,1/13/2013,13-Jan-13,Buldhana
32 90 052,121 010,2,1/13/2013,13-Jan-13,Buldhana
32 90 052,121 002,35,1/13/2013,13-Jan-13,Buldhana
32 90 053,121 025,23,1/13/2013,13-Jan-13,Nasik
32 90 053,121 010,21,1/13/2013,13-Jan-13,Nasik
32 90 053,121 023,50,1/13/2013,13-Jan-13,Nasik
32 90 053,121 021,8,1/13/2013,13-Jan-13,Nasik
32 90 053,121 007,33,1/13/2013,13-Jan-13,Nasik
32 90 053,121 002,31,1/13/2013,13-Jan-13,Nasik
32 90 053,121 025,20,1/13/2013,13-Jan-13,Nasik
32 90 053,121 025,2,1/13/2013,13-Jan-13,Nasik
32 90 053,121 013,46,1/13/2013,13-Jan-13,Nasik
32 90 054,121 023,5,2/15/2013,15-Feb-13,Pune
32 90 054,121 008,46,2/15/2013,15-Feb-13,Pune
32 90 054,121 014,50,2/15/2013,15-Feb-13,Pune
32 90 054,121 020,47,2/15/2013,15-Feb-13,Pune
32 90 054,121 025,28,2/15/2013,15-Feb-13,Pune
32 90 054,121 009,45,2/15/2013,15-Feb-13,Pune
32 90 054,121 021,12,2/15/2013,15-Feb-13,Pune
32 90 054,121 025,34,2/15/2013,15-Feb-13,Pune
32 90 054,121 008,9,2/15/2013,15-Feb-13,Pune
32 90 054,121 024,4,2/15/2013,15-Feb-13,Pune
32 90 054,121 022,23,2/15/2013,15-Feb-13,Pune
32 90 054,121 012,5,2/15/2013,15-Feb-13,Pune
32 90 054,121 017,33,2/15/2013,15-Feb-13,Pune
32 90 054,121 002,18,2/15/2013,15-Feb-13,Pune
32 90 054,121 013,33,2/15/2013,15-Feb-13,Pune
32 90 054,121 018,9,2/15/2013,15-Feb-13,Pune
32 90 055,121 023,29,2/11/2013,11-Feb-13,Mumbai
32 90 055,121 020,23,2/11/2013,11-Feb-13,Mumbai
32 90 055,121 002,45,2/11/2013,11-Feb-13,Mumbai
32 90 055,121 010,43,2/11/2013,11-Feb-13,Mumbai
32 90 055,121 024,41,2/11/2013,11-Feb-13,Mumbai
32 90 055,121 025,32,2/11/2013,11-Feb-13,Mumbai
32 90 055,121 014,24,2/11/2013,11-Feb-13,Mumbai
32 90 055,121 001,49,2/11/2013,11-Feb-13,Mumbai
32 90 055,121 006,48,2/11/2013,11-Feb-13,Mumbai
32 90 055,121 016,39,2/11/2013,11-Feb-13,Mumbai
32 90 055,121 014,5,2/11/2013,11-Feb-13,Mumbai
32 90 055,121 008,24,2/11/2013,11-Feb-13,Mumbai
32 90 056,121 017,26,2/13/2013,13-Feb-13,Thane
32 90 056,121 014,20,2/13/2013,13-Feb-13,Thane
32 90 056,121 025,14,2/13/2013,13-Feb-13,Thane
32 90 056,121 012,44,2/13/2013,13-Feb-13,Thane
32 90 056,121 008,46,2/13/2013,13-Feb-13,Thane
32 90 056,121 025,27,2/13/2013,13-Feb-13,Thane
32 90 056,121 004,39,2/13/2013,13-Feb-13,Thane
32 90 056,121 021,5,2/13/2013,13-Feb-13,Thane
32 90 056,121 024,35,2/13/2013,13-Feb-13,Thane
32 90 056,121 019,12,2/13/2013,13-Feb-13,Thane
32 90 056,121 021,15,2/13/2013,13-Feb-13,Thane
32 90 056,121 014,33,2/13/2013,13-Feb-13,Thane
32 90 056,121 016,15,2/13/2013,13-Feb-13,Thane
32 90 057,121 022,1,3/1/2013,1-Mar-13,Ratnagiri
32 90 057,121 014,14,3/1/2013,1-Mar-13,Ratnagiri
32 90 057,121 012,46,3/1/2013,1-Mar-13,Ratnagiri
32 90 057,121 023,20,3/1/2013,1-Mar-13,Ratnagiri
32 90 057,121 006,22,3/1/2013,1-Mar-13,Ratnagiri
32 90 057,121 025,48,3/1/2013,1-Mar-13,Ratnagiri
32 90 057,121 002,47,3/1/2013,1-Mar-13,Ratnagiri
32 90 057,121 006,30,3/1/2013,1-Mar-13,Ratnagiri
32 90 057,121 010,15,3/1/2013,1-Mar-13,Ratnagiri
32 90 057,121 012,7,3/1/2013,1-Mar-13,Ratnagiri
32 90 057,121 023,38,3/1/2013,1-Mar-13,Ratnagiri
32 90 057,121 005,35,3/1/2013,1-Mar-13,Ratnagiri
32 90 057,121 007,36,3/1/2013,1-Mar-13,Ratnagiri
32 90 058,121 013,29,3/13/2013,13-Mar-13,Raigad
32 90 058,121 022,9,3/13/2013,13-Mar-13,Raigad
32 90 058,121 016,18,3/13/2013,13-Mar-13,Raigad
32 90 058,121 025,6,3/13/2013,13-Mar-13,Raigad
32 90 058,121 005,44,3/13/2013,13-Mar-13,Raigad
32 90 058,121 004,7,3/13/2013,13-Mar-13,Raigad
32 90 058,121 009,7,3/13/2013,13-Mar-13,Raigad
32 90 058,121 019,24,3/13/2013,13-Mar-13,Raigad
32 90 058,121 020,49,3/13/2013,13-Mar-13,Raigad
32 90 058,121 001,48,3/13/2013,13-Mar-13,Raigad
32 90 058,121 024,49,3/13/2013,13-Mar-13,Raigad
32 90 058,121 015,10,3/13/2013,13-Mar-13,Raigad
32 90 058,121 019,35,3/13/2013,13-Mar-13,Raigad
32 90 058,121 024,45,3/13/2013,13-Mar-13,Raigad
32 90 059,121 005,43,4/14/2013,14-Apr-13,Sindhudurga
32 90 059,121 004,5,4/14/2013,14-Apr-13,Sindhudurga
32 90 059,121 004,34,4/14/2013,14-Apr-13,Sindhudurga
32 90 059,121 012,42,4/14/2013,14-Apr-13,Sindhudurga
32 90 059,121 012,41,4/14/2013,14-Apr-13,Sindhudurga
32 90 059,121 024,36,4/14/2013,14-Apr-13,Sindhudurga
32 90 059,121 021,49,4/14/2013,14-Apr-13,Sindhudurga
32 90 059,121 006,49,4/14/2013,14-Apr-13,Sindhudurga
32 90 059,121 010,14,4/14/2013,14-Apr-13,Sindhudurga
32 90 059,121 004,11,4/14/2013,14-Apr-13,Sindhudurga
32 90 059,121 008,7,4/14/2013,14-Apr-13,Sindhudurga
32 90 059,121 021,2,4/14/2013,14-Apr-13,Sindhudurga
32 90 059,121 008,23,4/14/2013,14-Apr-13,Sindhudurga
32 90 060,121 025,11,4/14/2013,14-Apr-13,Goa
32 90 060,121 013,42,4/14/2013,14-Apr-13,Goa
32 90 060,121 005,18,4/14/2013,14-Apr-13,Goa
32 90 060,121 020,12,4/14/2013,14-Apr-13,Goa
32 90 060,121 022,39,4/14/2013,14-Apr-13,Goa
32 90 060,121 021,21,4/14/2013,14-Apr-13,Goa
32 90 060,121 005,14,4/14/2013,14-Apr-13,Goa
32 90 060,121 003,1,4/14/2013,14-Apr-13,Goa
32 90 060,121 005,17,4/14/2013,14-Apr-13,Goa
32 90 060,121 017,7,4/14/2013,14-Apr-13,Goa
32 90 061,121 019,49,4/24/2013,24-Apr-13,Solapur
32 90 061,121 005,6,4/24/2013,24-Apr-13,Solapur
32 90 061,121 021,15,4/24/2013,24-Apr-13,Solapur
32 90 061,121 004,1,4/24/2013,24-Apr-13,Solapur
32 90 061,121 002,9,4/24/2013,24-Apr-13,Solapur
32 90 061,121 010,2,4/24/2013,24-Apr-13,Solapur
32 90 061,121 015,47,4/24/2013,24-Apr-13,Solapur
32 90 061,121 002,18,4/24/2013,24-Apr-13,Solapur
32 90 061,121 024,50,4/24/2013,24-Apr-13,Solapur
32 90 062,121 024,20,5/13/2013,13-May-13,Sangli
32 90 062,121 020,6,5/13/2013,13-May-13,Sangli
32 90 062,121 025,37,5/13/2013,13-May-13,Sangli
32 90 062,121 021,2,5/13/2013,13-May-13,Sangli
32 90 062,121 010,26,5/13/2013,13-May-13,Sangli
32 90 062,121 001,20,5/13/2013,13-May-13,Sangli
32 90 062,121 012,50,5/13/2013,13-May-13,Sangli
32 90 063,121 019,41,5/14/2013,14-May-13,Satara
32 90 063,121 024,22,5/14/2013,14-May-13,Satara
32 90 063,121 024,14,5/14/2013,14-May-13,Satara
32 90 063,121 023,29,5/14/2013,14-May-13,Satara
32 90 063,121 015,31,5/14/2013,14-May-13,Satara
32 90 063,121 008,41,5/14/2013,14-May-13,Satara
32 90 063,121 020,47,5/14/2013,14-May-13,Satara
32 90 063,121 010,10,5/14/2013,14-May-13,Satara
32 90 063,121 008,28,5/14/2013,14-May-13,Satara
32 90 064,121 010,9,6/12/2013,12-Jun-13,Aurangabad
32 90 064,121 013,30,6/12/2013,12-Jun-13,Aurangabad
32 90 064,121 024,10,6/12/2013,12-Jun-13,Aurangabad
32 90 064,121 007,18,6/12/2013,12-Jun-13,Aurangabad
32 90 064,121 018,33,6/12/2013,12-Jun-13,Aurangabad
32 90 064,121 001,26,6/12/2013,12-Jun-13,Aurangabad
32 90 064,121 008,33,6/12/2013,12-Jun-13,Aurangabad
32 90 064,121 004,14,6/12/2013,12-Jun-13,Aurangabad
32 90 064,121 005,14,6/12/2013,12-Jun-13,Aurangabad
32 90 064,121 005,14,6/12/2013,12-Jun-13,Aurangabad
32 90 065,121 022,10,7/11/2013,11-Jul-13,Nagpur
32 90 065,121 015,29,7/11/2013,11-Jul-13,Nagpur
32 90 065,121 021,11,7/11/2013,11-Jul-13,Nagpur
32 90 065,121 023,33,7/11/2013,11-Jul-13,Nagpur
32 90 065,121 014,14,7/11/2013,11-Jul-13,Nagpur
32 90 066,121 022,34,7/13/2013,13-Jul-13,Nadurbar
32 90 066,121 018,36,7/13/2013,13-Jul-13,Nadurbar
32 90 066,121 011,32,7/13/2013,13-Jul-13,Nadurbar
32 90 066,121 011,20,7/13/2013,13-Jul-13,Nadurbar
32 90 066,121 021,21,7/13/2013,13-Jul-13,Nadurbar
32 90 066,121 018,12,7/13/2013,13-Jul-13,Nadurbar
32 90 066,121 007,3,7/13/2013,13-Jul-13,Nadurbar
32 90 066,121 019,12,7/13/2013,13-Jul-13,Nadurbar
32 90 066,121 012,39,7/13/2013,13-Jul-13,Nadurbar
32 90 067,121 025,25,7/23/2013,23-Jul-13,Dhule
32 90 067,121 010,45,7/23/2013,23-Jul-13,Dhule
32 90 067,121 021,2,7/23/2013,23-Jul-13,Dhule
32 90 067,121 024,46,7/23/2013,23-Jul-13,Dhule
32 90 067,121 019,36,7/23/2013,23-Jul-13,Dhule
32 90 067,121 002,33,7/23/2013,23-Jul-13,Dhule
32 90 067,121 025,20,7/23/2013,23-Jul-13,Dhule
32 90 067,121 016,34,7/23/2013,23-Jul-13,Dhule
32 90 068,121 019,11,8/2/2013,2-Aug-13,Ratnagiri
32 90 068,121 023,39,8/2/2013,2-Aug-13,Ratnagiri
32 90 068,121 024,15,8/2/2013,2-Aug-13,Ratnagiri
32 90 068,121 024,32,8/2/2013,2-Aug-13,Ratnagiri
32 90 068,121 008,18,8/2/2013,2-Aug-13,Ratnagiri
32 90 068,121 020,15,8/2/2013,2-Aug-13,Ratnagiri
32 90 068,121 017,37,8/2/2013,2-Aug-13,Ratnagiri
32 90 069,121 014,40,9/4/2013,4-Sep-13,Dhule
32 90 069,121 011,11,9/4/2013,4-Sep-13,Dhule
32 90 069,121 011,5,9/4/2013,4-Sep-13,Dhule
32 90 069,121 024,37,9/4/2013,4-Sep-13,Dhule
32 90 069,121 021,1,9/4/2013,4-Sep-13,Dhule
32 90 069,121 025,43,9/4/2013,4-Sep-13,Dhule
32 90 069,121 025,28,9/4/2013,4-Sep-13,Dhule
32 90 069,121 013,48,9/4/2013,4-Sep-13,Dhule
32 90 069,121 007,48,9/4/2013,4-Sep-13,Dhule
32 90 070,121 007,10,9/7/2013,7-Sep-13,Ratnagiri
32 90 070,121 007,48,9/7/2013,7-Sep-13,Ratnagiri
32 90 070,121 004,3,9/7/2013,7-Sep-13,Ratnagiri
32 90 070,121 004,40,9/7/2013,7-Sep-13,Ratnagiri
32 90 070,121 023,46,9/7/2013,7-Sep-13,Ratnagiri
32 90 070,121 005,45,9/7/2013,7-Sep-13,Ratnagiri
32 90 070,121 009,23,9/7/2013,7-Sep-13,Ratnagiri
32 90 070,121 024,14,9/7/2013,7-Sep-13,Ratnagiri
32 90 070,121 005,13,9/7/2013,7-Sep-13,Ratnagiri
32 90 070,121 024,36,9/7/2013,7-Sep-13,Ratnagiri
32 90 070,121 023,6,9/7/2013,7-Sep-13,Ratnagiri
